geocodigo,municipio,uf,mes,ndvi,precipitacao_mm,alerta_seca
2111300,Imperatriz,MA,2024-05,0.442,197.4,NÃO
2111300,Imperatriz,MA,2024-06,0.418,191.0,NÃO
2111300,Imperatriz,MA,2024-07,0.32,11.5,NÃO
2111300,Imperatriz,MA,2024-08,0.346,8.0,NÃO
2111300,Imperatriz,MA,2024-09,0.339,17.5,NÃO
2111300,Imperatriz,MA,2024-10,0.424,96.6,NÃO
2111300,Imperatriz,MA,2024-11,0.458,93.1,NÃO
2111300,Imperatriz,MA,2024-12,0.476,125.2,NÃO
2111300,Imperatriz,MA,2025-01,0.446,156.1,NÃO
2111300,Imperatriz,MA,2025-02,0.491,184.3,NÃO
2111300,Imperatriz,MA,2025-03,0.482,156.6,NÃO
2111300,Imperatriz,MA,2025-04,0.474,191.7,NÃO
2105302,Chapadinha,MA,2024-05,0.466,194.0,NÃO
2105302,Chapadinha,MA,2024-06,0.433,123.7,NÃO
2105302,Chapadinha,MA,2024-07,0.392,11.2,NÃO
2105302,Chapadinha,MA,2024-08,0.374,27.4,NÃO
2105302,Chapadinha,MA,2024-09,0.378,24.1,NÃO
2105302,Chapadinha,MA,2024-10,0.454,166.7,NÃO
2105302,Chapadinha,MA,2024-11,0.494,143.4,NÃO
2105302,Chapadinha,MA,2024-12,0.5,133.6,NÃO
2105302,Chapadinha,MA,2025-01,0.485,110.6,NÃO
2105302,Chapadinha,MA,2025-02,0.508,75.7,NÃO
2105302,Chapadinha,MA,2025-03,0.503,186.4,NÃO
2105302,Chapadinha,MA,2025-04,0.465,135.1,NÃO
2102440,Balsas,MA,2024-05,0.437,121.9,NÃO
2102440,Balsas,MA,2024-06,0.385,160.4,NÃO
2102440,Balsas,MA,2024-07,0.311,27.0,NÃO
2102440,Balsas,MA,2024-08,0.309,1.7,NÃO
2102440,Balsas,MA,2024-09,0.29,12.5,NÃO
2102440,Balsas,MA,2024-10,0.378,138.2,NÃO
2102440,Balsas,MA,2024-11,0.426,103.1,NÃO
2102440,Balsas,MA,2024-12,0.387,95.6,NÃO
2102440,Balsas,MA,2025-01,0.386,90.5,NÃO
2102440,Balsas,MA,2025-02,0.39,119.3,NÃO
2102440,Balsas,MA,2025-03,0.428,135.8,NÃO
2102440,Balsas,MA,2025-04,0.39,185.2,NÃO
2109007,São Raimundo das Mangabeiras,MA,2024-05,0.554,100.2,NÃO
2109007,São Raimundo das Mangabeiras,MA,2024-06,0.481,79.0,NÃO
2109007,São Raimundo das Mangabeiras,MA,2024-07,0.425,21.9,NÃO
2109007,São Raimundo das Mangabeiras,MA,2024-08,0.445,11.2,NÃO
2109007,São Raimundo das Mangabeiras,MA,2024-09,0.44,13.5,NÃO
2109007,São Raimundo das Mangabeiras,MA,2024-10,0.525,112.8,NÃO
2109007,São Raimundo das Mangabeiras,MA,2024-11,0.531,195.0,NÃO
2109007,São Raimundo das Mangabeiras,MA,2024-12,0.578,78.6,NÃO
2109007,São Raimundo das Mangabeiras,MA,2025-01,0.578,76.6,NÃO
2109007,São Raimundo das Mangabeiras,MA,2025-02,0.586,115.0,NÃO
2109007,São Raimundo das Mangabeiras,MA,2025-03,0.534,197.0,NÃO
2109007,São Raimundo das Mangabeiras,MA,2025-04,0.576,165.9,NÃO
2100055,Açailândia,MA,2024-05,0.563,160.7,NÃO
2100055,Açailândia,MA,2024-06,0.504,113.1,NÃO
2100055,Açailândia,MA,2024-07,0.408,13.8,NÃO
2100055,Açailândia,MA,2024-08,0.403,5.7,NÃO
2100055,Açailândia,MA,2024-09,0.446,23.0,NÃO
2100055,Açailândia,MA,2024-10,0.48,152.4,NÃO
2100055,Açailândia,MA,2024-11,0.572,191.1,NÃO
2100055,Açailândia,MA,2024-12,0.588,93.7,NÃO
2100055,Açailândia,MA,2025-01,0.539,143.2,NÃO
2100055,Açailândia,MA,2025-02,0.562,154.1,NÃO
2100055,Açailândia,MA,2025-03,0.587,94.3,NÃO
2100055,Açailândia,MA,2025-04,0.538,121.5,NÃO
2100501,Alto Parnaíba,MA,2024-05,0.476,168.6,NÃO
2100501,Alto Parnaíba,MA,2024-06,0.393,199.1,NÃO
2100501,Alto Parnaíba,MA,2024-07,0.33,27.5,NÃO
2100501,Alto Parnaíba,MA,2024-08,0.35,17.3,NÃO
2100501,Alto Parnaíba,MA,2024-09,0.362,24.6,NÃO
2100501,Alto Parnaíba,MA,2024-10,0.399,182.7,NÃO
2100501,Alto Parnaíba,MA,2024-11,0.49,133.0,NÃO
2100501,Alto Parnaíba,MA,2024-12,0.456,98.5,NÃO
2100501,Alto Parnaíba,MA,2025-01,0.464,142.8,NÃO
2100501,Alto Parnaíba,MA,2025-02,0.475,84.5,NÃO
2100501,Alto Parnaíba,MA,2025-03,0.472,137.8,NÃO
2100501,Alto Parnaíba,MA,2025-04,0.434,108.2,NÃO
2101400,Araioses,MA,2024-05,0.522,133.4,NÃO
2101400,Araioses,MA,2024-06,0.488,117.2,NÃO
2101400,Araioses,MA,2024-07,0.385,5.5,NÃO
2101400,Araioses,MA,2024-08,0.399,7.2,NÃO
2101400,Araioses,MA,2024-09,0.38,25.7,NÃO
2101400,Araioses,MA,2024-10,0.455,124.8,NÃO
2101400,Araioses,MA,2024-11,0.502,117.8,NÃO
2101400,Araioses,MA,2024-12,0.524,134.2,NÃO
2101400,Araioses,MA,2025-01,0.522,95.7,NÃO
2101400,Araioses,MA,2025-02,0.519,71.1,NÃO
2101400,Araioses,MA,2025-03,0.526,112.0,NÃO
2101400,Araioses,MA,2025-04,0.531,176.1,NÃO
2102200,Bacabal,MA,2024-05,0.428,144.7,NÃO
2102200,Bacabal,MA,2024-06,0.364,70.2,NÃO
2102200,Bacabal,MA,2024-07,0.345,17.6,NÃO
2102200,Bacabal,MA,2024-08,0.337,6.5,NÃO
2102200,Bacabal,MA,2024-09,0.309,27.2,NÃO
2102200,Bacabal,MA,2024-10,0.38,187.3,NÃO
2102200,Bacabal,MA,2024-11,0.418,86.6,NÃO
2102200,Bacabal,MA,2024-12,0.449,164.6,NÃO
2102200,Bacabal,MA,2025-01,0.45,188.0,NÃO
2102200,Bacabal,MA,2025-02,0.447,158.5,NÃO
2102200,Bacabal,MA,2025-03,0.429,93.5,NÃO
2102200,Bacabal,MA,2025-04,0.424,99.6,NÃO
2103000,Brejo,MA,2024-05,0.505,103.2,NÃO
2103000,Brejo,MA,2024-06,0.438,183.6,NÃO
2103000,Brejo,MA,2024-07,0.37,24.1,NÃO
2103000,Brejo,MA,2024-08,0.385,22.8,NÃO
2103000,Brejo,MA,2024-09,0.361,6.1,NÃO
2103000,Brejo,MA,2024-10,0.435,66.4,NÃO
2103000,Brejo,MA,2024-11,0.518,163.8,NÃO
2103000,Brejo,MA,2024-12,0.467,137.5,NÃO
2103000,Brejo,MA,2025-01,0.501,160.8,NÃO
2103000,Brejo,MA,2025-02,0.484,87.5,NÃO
2103000,Brejo,MA,2025-03,0.48,139.8,NÃO
2103000,Brejo,MA,2025-04,0.481,137.1,NÃO
2103703,Caxias,MA,2024-05,0.554,166.9,NÃO
2103703,Caxias,MA,2024-06,0.507,161.3,NÃO
2103703,Caxias,MA,2024-07,0.437,13.8,NÃO
2103703,Caxias,MA,2024-08,0.437,10.6,NÃO
2103703,Caxias,MA,2024-09,0.401,16.4,NÃO
2103703,Caxias,MA,2024-10,0.489,184.5,NÃO
2103703,Caxias,MA,2024-11,0.593,194.0,NÃO
2103703,Caxias,MA,2024-12,0.565,177.5,NÃO
2103703,Caxias,MA,2025-01,0.538,174.5,NÃO
2103703,Caxias,MA,2025-02,0.537,60.9,NÃO
2103703,Caxias,MA,2025-03,0.542,148.3,NÃO
2103703,Caxias,MA,2025-04,0.538,81.1,NÃO
2104800,Colinas,MA,2024-05,0.438,68.5,NÃO
2104800,Colinas,MA,2024-06,0.405,190.7,NÃO
2104800,Colinas,MA,2024-07,0.356,19.8,NÃO
2104800,Colinas,MA,2024-08,0.302,16.0,NÃO
2104800,Colinas,MA,2024-09,0.325,0.5,NÃO
2104800,Colinas,MA,2024-10,0.41,135.0,NÃO
2104800,Colinas,MA,2024-11,0.428,130.3,NÃO
2104800,Colinas,MA,2024-12,0.453,120.3,NÃO
2104800,Colinas,MA,2025-01,0.467,85.1,NÃO
2104800,Colinas,MA,2025-02,0.466,133.4,NÃO
2104800,Colinas,MA,2025-03,0.425,146.8,NÃO
2104800,Colinas,MA,2025-04,0.426,109.6,NÃO
2106201,Grajaú,MA,2024-05,0.508,194.3,NÃO
2106201,Grajaú,MA,2024-06,0.477,94.0,NÃO
2106201,Grajaú,MA,2024-07,0.412,9.0,NÃO
2106201,Grajaú,MA,2024-08,0.419,2.4,NÃO
2106201,Grajaú,MA,2024-09,0.429,19.5,NÃO
2106201,Grajaú,MA,2024-10,0.452,116.7,NÃO
2106201,Grajaú,MA,2024-11,0.526,126.6,NÃO
2106201,Grajaú,MA,2024-12,0.541,158.4,NÃO
2106201,Grajaú,MA,2025-01,0.508,178.3,NÃO
2106201,Grajaú,MA,2025-02,0.542,106.4,NÃO
2106201,Grajaú,MA,2025-03,0.562,196.3,NÃO
2106201,Grajaú,MA,2025-04,0.557,188.7,NÃO
2107803,Mirador,MA,2024-05,0.464,156.9,NÃO
2107803,Mirador,MA,2024-06,0.4,98.0,NÃO
2107803,Mirador,MA,2024-07,0.355,20.5,NÃO
2107803,Mirador,MA,2024-08,0.317,16.3,NÃO
2107803,Mirador,MA,2024-09,0.339,5.4,NÃO
2107803,Mirador,MA,2024-10,0.417,62.2,NÃO
2107803,Mirador,MA,2024-11,0.422,80.2,NÃO
2107803,Mirador,MA,2024-12,0.459,174.9,NÃO
2107803,Mirador,MA,2025-01,0.466,101.9,NÃO
2107803,Mirador,MA,2025-02,0.444,139.3,NÃO
2107803,Mirador,MA,2025-03,0.461,154.8,NÃO
2107803,Mirador,MA,2025-04,0.442,113.7,NÃO
2108405,Pedreiras,MA,2024-05,0.558,156.5,NÃO
2108405,Pedreiras,MA,2024-06,0.462,164.4,NÃO
2108405,Pedreiras,MA,2024-07,0.397,2.9,NÃO
2108405,Pedreiras,MA,2024-08,0.39,2.3,NÃO
2108405,Pedreiras,MA,2024-09,0.412,18.4,NÃO
2108405,Pedreiras,MA,2024-10,0.493,195.6,NÃO
2108405,Pedreiras,MA,2024-11,0.531,148.8,NÃO
2108405,Pedreiras,MA,2024-12,0.558,123.1,NÃO
2108405,Pedreiras,MA,2025-01,0.525,137.4,NÃO
2108405,Pedreiras,MA,2025-02,0.534,86.0,NÃO
2108405,Pedreiras,MA,2025-03,0.546,113.2,NÃO
2108405,Pedreiras,MA,2025-04,0.557,101.4,NÃO
2109239,Sambaíba,MA,2024-05,0.41,97.5,NÃO
2109239,Sambaíba,MA,2024-06,0.385,169.7,NÃO
2109239,Sambaíba,MA,2024-07,0.306,11.7,NÃO
2109239,Sambaíba,MA,2024-08,0.319,2.7,NÃO
2109239,Sambaíba,MA,2024-09,0.354,13.3,NÃO
2109239,Sambaíba,MA,2024-10,0.408,74.3,NÃO
2109239,Sambaíba,MA,2024-11,0.411,120.3,NÃO
2109239,Sambaíba,MA,2024-12,0.439,131.7,NÃO
2109239,Sambaíba,MA,2025-01,0.412,72.5,NÃO
2109239,Sambaíba,MA,2025-02,0.439,143.6,NÃO
2109239,Sambaíba,MA,2025-03,0.453,180.9,NÃO
2109239,Sambaíba,MA,2025-04,0.407,117.9,NÃO
2110203,Timon,MA,2024-05,0.546,138.3,NÃO
2110203,Timon,MA,2024-06,0.509,94.0,NÃO
2110203,Timon,MA,2024-07,0.401,20.6,NÃO
2110203,Timon,MA,2024-08,0.38,8.1,NÃO
2110203,Timon,MA,2024-09,0.386,4.4,NÃO
2110203,Timon,MA,2024-10,0.46,98.6,NÃO
2110203,Timon,MA,2024-11,0.521,169.6,NÃO
2110203,Timon,MA,2024-12,0.525,192.2,NÃO
2110203,Timon,MA,2025-01,0.546,129.4,NÃO
2110203,Timon,MA,2025-02,0.54,124.1,NÃO
2110203,Timon,MA,2025-03,0.511,60.9,NÃO
2110203,Timon,MA,2025-04,0.527,177.8,NÃO
1721000,Palmas,TO,2024-05,0.434,121.6,NÃO
1721000,Palmas,TO,2024-06,0.367,175.3,NÃO
1721000,Palmas,TO,2024-07,0.318,17.8,NÃO
1721000,Palmas,TO,2024-08,0.297,18.1,NÃO
1721000,Palmas,TO,2024-09,0.321,14.4,NÃO
1721000,Palmas,TO,2024-10,0.351,115.8,NÃO
1721000,Palmas,TO,2024-11,0.401,162.9,NÃO
1721000,Palmas,TO,2024-12,0.42,195.5,NÃO
1721000,Palmas,TO,2025-01,0.429,105.6,NÃO
1721000,Palmas,TO,2025-02,0.399,170.0,NÃO
1721000,Palmas,TO,2025-03,0.404,190.5,NÃO
1721000,Palmas,TO,2025-04,0.394,199.6,NÃO
1716604,Paraíso do Tocantins,TO,2024-05,0.394,63.8,NÃO
1716604,Paraíso do Tocantins,TO,2024-06,0.354,192.0,NÃO
1716604,Paraíso do Tocantins,TO,2024-07,0.266,23.9,NÃO
1716604,Paraíso do Tocantins,TO,2024-08,0.303,2.1,NÃO
1716604,Paraíso do Tocantins,TO,2024-09,0.304,23.9,NÃO
1716604,Paraíso do Tocantins,TO,2024-10,0.351,79.5,NÃO
1716604,Paraíso do Tocantins,TO,2024-11,0.366,95.4,NÃO
1716604,Paraíso do Tocantins,TO,2024-12,0.357,119.2,NÃO
1716604,Paraíso do Tocantins,TO,2025-01,0.371,122.9,NÃO
1716604,Paraíso do Tocantins,TO,2025-02,0.384,141.5,NÃO
1716604,Paraíso do Tocantins,TO,2025-03,0.38,189.3,NÃO
1716604,Paraíso do Tocantins,TO,2025-04,0.4,118.6,NÃO
1702109,Araguaína,TO,2024-05,0.416,158.2,NÃO
1702109,Araguaína,TO,2024-06,0.368,143.1,NÃO
1702109,Araguaína,TO,2024-07,0.316,3.3,NÃO
1702109,Araguaína,TO,2024-08,0.276,19.9,NÃO
1702109,Araguaína,TO,2024-09,0.271,18.4,NÃO
1702109,Araguaína,TO,2024-10,0.353,150.3,NÃO
1702109,Araguaína,TO,2024-11,0.397,195.4,NÃO
1702109,Araguaína,TO,2024-12,0.378,171.5,NÃO
1702109,Araguaína,TO,2025-01,0.364,73.8,NÃO
1702109,Araguaína,TO,2025-02,0.371,164.6,NÃO
1702109,Araguaína,TO,2025-03,0.391,156.3,NÃO
1702109,Araguaína,TO,2025-04,0.371,112.4,NÃO
1703602,Augustinópolis,TO,2024-05,0.486,156.7,NÃO
1703602,Augustinópolis,TO,2024-06,0.407,199.7,NÃO
1703602,Augustinópolis,TO,2024-07,0.355,8.9,NÃO
1703602,Augustinópolis,TO,2024-08,0.381,2.6,NÃO
1703602,Augustinópolis,TO,2024-09,0.376,21.9,NÃO
1703602,Augustinópolis,TO,2024-10,0.418,108.0,NÃO
1703602,Augustinópolis,TO,2024-11,0.492,133.0,NÃO
1703602,Augustinópolis,TO,2024-12,0.466,73.7,NÃO
1703602,Augustinópolis,TO,2025-01,0.488,123.3,NÃO
1703602,Augustinópolis,TO,2025-02,0.449,66.3,NÃO
1703602,Augustinópolis,TO,2025-03,0.488,63.2,NÃO
1703602,Augustinópolis,TO,2025-04,0.466,75.3,NÃO
1705508,Colinas do Tocantins,TO,2024-05,0.526,163.7,NÃO
1705508,Colinas do Tocantins,TO,2024-06,0.451,137.3,NÃO
1705508,Colinas do Tocantins,TO,2024-07,0.365,12.8,NÃO
1705508,Colinas do Tocantins,TO,2024-08,0.373,23.9,NÃO
1705508,Colinas do Tocantins,TO,2024-09,0.383,5.6,NÃO
1705508,Colinas do Tocantins,TO,2024-10,0.459,115.4,NÃO
1705508,Colinas do Tocantins,TO,2024-11,0.514,183.6,NÃO
1705508,Colinas do Tocantins,TO,2024-12,0.497,120.1,NÃO
1705508,Colinas do Tocantins,TO,2025-01,0.47,90.1,NÃO
1705508,Colinas do Tocantins,TO,2025-02,0.487,158.5,NÃO
1705508,Colinas do Tocantins,TO,2025-03,0.518,140.8,NÃO
1705508,Colinas do Tocantins,TO,2025-04,0.518,135.2,NÃO
1708205,Guaraí,TO,2024-05,0.405,76.0,NÃO
1708205,Guaraí,TO,2024-06,0.391,128.5,NÃO
1708205,Guaraí,TO,2024-07,0.345,9.4,NÃO
1708205,Guaraí,TO,2024-08,0.311,11.8,NÃO
1708205,Guaraí,TO,2024-09,0.294,10.6,NÃO
1708205,Guaraí,TO,2024-10,0.378,84.2,NÃO
1708205,Guaraí,TO,2024-11,0.433,172.1,NÃO
1708205,Guaraí,TO,2024-12,0.448,142.6,NÃO
1708205,Guaraí,TO,2025-01,0.433,103.8,NÃO
1708205,Guaraí,TO,2025-02,0.407,76.4,NÃO
1708205,Guaraí,TO,2025-03,0.415,79.8,NÃO
1708205,Guaraí,TO,2025-04,0.416,143.5,NÃO
1709500,Miracema do Tocantins,TO,2024-05,0.444,128.1,NÃO
1709500,Miracema do Tocantins,TO,2024-06,0.406,188.7,NÃO
1709500,Miracema do Tocantins,TO,2024-07,0.363,5.2,NÃO
1709500,Miracema do Tocantins,TO,2024-08,0.317,8.7,NÃO
1709500,Miracema do Tocantins,TO,2024-09,0.318,25.3,NÃO
1709500,Miracema do Tocantins,TO,2024-10,0.411,181.2,NÃO
1709500,Miracema do Tocantins,TO,2024-11,0.476,127.8,NÃO
1709500,Miracema do Tocantins,TO,2024-12,0.431,113.8,NÃO
1709500,Miracema do Tocantins,TO,2025-01,0.453,151.4,NÃO
1709500,Miracema do Tocantins,TO,2025-02,0.444,128.8,NÃO
1709500,Miracema do Tocantins,TO,2025-03,0.462,122.1,NÃO
1709500,Miracema do Tocantins,TO,2025-04,0.429,139.2,NÃO
1712504,Pedro Afonso,TO,2024-05,0.475,64.6,NÃO
1712504,Pedro Afonso,TO,2024-06,0.426,100.4,NÃO
1712504,Pedro Afonso,TO,2024-07,0.386,17.0,NÃO
1712504,Pedro Afonso,TO,2024-08,0.385,14.9,NÃO
1712504,Pedro Afonso,TO,2024-09,0.37,17.2,NÃO
1712504,Pedro Afonso,TO,2024-10,0.429,136.0,NÃO
1712504,Pedro Afonso,TO,2024-11,0.521,135.9,NÃO
1712504,Pedro Afonso,TO,2024-12,0.507,166.4,NÃO
1712504,Pedro Afonso,TO,2025-01,0.488,90.6,NÃO
1712504,Pedro Afonso,TO,2025-02,0.488,163.0,NÃO
1712504,Pedro Afonso,TO,2025-03,0.501,94.7,NÃO
1712504,Pedro Afonso,TO,2025-04,0.514,64.5,NÃO
1715507,Nova Olinda,TO,2024-05,0.439,72.2,NÃO
1715507,Nova Olinda,TO,2024-06,0.397,76.4,NÃO
1715507,Nova Olinda,TO,2024-07,0.331,6.3,NÃO
1715507,Nova Olinda,TO,2024-08,0.327,20.7,NÃO
1715507,Nova Olinda,TO,2024-09,0.334,18.3,NÃO
1715507,Nova Olinda,TO,2024-10,0.371,146.3,NÃO
1715507,Nova Olinda,TO,2024-11,0.434,173.9,NÃO
1715507,Nova Olinda,TO,2024-12,0.435,139.8,NÃO
1715507,Nova Olinda,TO,2025-01,0.419,143.6,NÃO
1715507,Nova Olinda,TO,2025-02,0.397,197.1,NÃO
1715507,Nova Olinda,TO,2025-03,0.405,140.2,NÃO
1715507,Nova Olinda,TO,2025-04,0.444,132.0,NÃO
2207702,Parnaíba,PI,2024-05,0.588,79.0,NÃO
2207702,Parnaíba,PI,2024-06,0.527,117.6,NÃO
2207702,Parnaíba,PI,2024-07,0.4,8.3,NÃO
2207702,Parnaíba,PI,2024-08,0.436,21.0,NÃO
2207702,Parnaíba,PI,2024-09,0.405,4.4,NÃO
2207702,Parnaíba,PI,2024-10,0.501,94.7,NÃO
2207702,Parnaíba,PI,2024-11,0.59,115.0,NÃO
2207702,Parnaíba,PI,2024-12,0.548,148.5,NÃO
2207702,Parnaíba,PI,2025-01,0.577,112.5,NÃO
2207702,Parnaíba,PI,2025-02,0.544,171.2,NÃO
2207702,Parnaíba,PI,2025-03,0.585,116.4,NÃO
2207702,Parnaíba,PI,2025-04,0.584,157.3,NÃO
2209377,Uruçuí,PI,2024-05,0.533,128.3,NÃO
2209377,Uruçuí,PI,2024-06,0.487,181.6,NÃO
2209377,Uruçuí,PI,2024-07,0.423,2.8,NÃO
2209377,Uruçuí,PI,2024-08,0.43,19.0,NÃO
2209377,Uruçuí,PI,2024-09,0.414,25.5,NÃO
2209377,Uruçuí,PI,2024-10,0.5,115.7,NÃO
2209377,Uruçuí,PI,2024-11,0.564,175.5,NÃO
2209377,Uruçuí,PI,2024-12,0.536,105.2,NÃO
2209377,Uruçuí,PI,2025-01,0.523,136.6,NÃO
2209377,Uruçuí,PI,2025-02,0.514,179.3,NÃO
2209377,Uruçuí,PI,2025-03,0.553,185.2,NÃO
2209377,Uruçuí,PI,2025-04,0.552,66.4,NÃO
2200053,Água Branca,PI,2024-05,0.52,62.3,NÃO
2200053,Água Branca,PI,2024-06,0.476,82.1,NÃO
2200053,Água Branca,PI,2024-07,0.372,29.8,NÃO
2200053,Água Branca,PI,2024-08,0.371,29.9,NÃO
2200053,Água Branca,PI,2024-09,0.4,26.5,NÃO
2200053,Água Branca,PI,2024-10,0.438,182.4,NÃO
2200053,Água Branca,PI,2024-11,0.523,73.1,NÃO
2200053,Água Branca,PI,2024-12,0.492,71.5,NÃO
2200053,Água Branca,PI,2025-01,0.51,150.8,NÃO
2200053,Água Branca,PI,2025-02,0.473,147.6,NÃO
2200053,Água Branca,PI,2025-03,0.514,165.7,NÃO
2200053,Água Branca,PI,2025-04,0.496,72.8,NÃO
2200202,Altos,PI,2024-05,0.406,70.9,NÃO
2200202,Altos,PI,2024-06,0.386,132.7,NÃO
2200202,Altos,PI,2024-07,0.314,0.2,NÃO
2200202,Altos,PI,2024-08,0.308,3.6,NÃO
2200202,Altos,PI,2024-09,0.339,20.8,NÃO
2200202,Altos,PI,2024-10,0.379,92.1,NÃO
2200202,Altos,PI,2024-11,0.398,172.8,NÃO
2200202,Altos,PI,2024-12,0.399,111.5,NÃO
2200202,Altos,PI,2025-01,0.411,113.6,NÃO
2200202,Altos,PI,2025-02,0.442,182.4,NÃO
2200202,Altos,PI,2025-03,0.431,154.8,NÃO
2200202,Altos,PI,2025-04,0.397,138.9,NÃO
2201507,Barras,PI,2024-05,0.492,109.2,NÃO
2201507,Barras,PI,2024-06,0.444,164.8,NÃO
2201507,Barras,PI,2024-07,0.409,18.5,NÃO
2201507,Barras,PI,2024-08,0.381,6.5,NÃO
2201507,Barras,PI,2024-09,0.408,4.2,NÃO
2201507,Barras,PI,2024-10,0.438,162.2,NÃO
2201507,Barras,PI,2024-11,0.503,120.1,NÃO
2201507,Barras,PI,2024-12,0.529,94.7,NÃO
2201507,Barras,PI,2025-01,0.521,94.7,NÃO
2201507,Barras,PI,2025-02,0.518,161.0,NÃO
2201507,Barras,PI,2025-03,0.499,191.8,NÃO
2201507,Barras,PI,2025-04,0.484,178.6,NÃO
2202307,Campo Maior,PI,2024-05,0.53,145.0,NÃO
2202307,Campo Maior,PI,2024-06,0.475,114.8,NÃO
2202307,Campo Maior,PI,2024-07,0.42,23.5,NÃO
2202307,Campo Maior,PI,2024-08,0.429,7.2,NÃO
2202307,Campo Maior,PI,2024-09,0.404,7.2,NÃO
2202307,Campo Maior,PI,2024-10,0.501,69.9,NÃO
2202307,Campo Maior,PI,2024-11,0.571,61.7,NÃO
2202307,Campo Maior,PI,2024-12,0.54,104.3,NÃO
2202307,Campo Maior,PI,2025-01,0.541,177.5,NÃO
2202307,Campo Maior,PI,2025-02,0.543,136.5,NÃO
2202307,Campo Maior,PI,2025-03,0.528,125.9,NÃO
2202307,Campo Maior,PI,2025-04,0.577,70.2,NÃO
2203750,Corrente,PI,2024-05,0.43,90.2,NÃO
2203750,Corrente,PI,2024-06,0.438,192.8,NÃO
2203750,Corrente,PI,2024-07,0.338,8.6,NÃO
2203750,Corrente,PI,2024-08,0.357,23.0,NÃO
2203750,Corrente,PI,2024-09,0.34,12.1,NÃO
2203750,Corrente,PI,2024-10,0.422,135.3,NÃO
2203750,Corrente,PI,2024-11,0.438,71.7,NÃO
2203750,Corrente,PI,2024-12,0.434,188.9,NÃO
2203750,Corrente,PI,2025-01,0.487,81.8,NÃO
2203750,Corrente,PI,2025-02,0.449,142.1,NÃO
2203750,Corrente,PI,2025-03,0.475,151.0,NÃO
2203750,Corrente,PI,2025-04,0.468,103.4,NÃO
2204006,Demerval Lobão,PI,2024-05,0.502,93.4,NÃO
2204006,Demerval Lobão,PI,2024-06,0.412,189.4,NÃO
2204006,Demerval Lobão,PI,2024-07,0.333,18.4,NÃO
2204006,Demerval Lobão,PI,2024-08,0.33,20.0,NÃO
2204006,Demerval Lobão,PI,2024-09,0.366,5.3,NÃO
2204006,Demerval Lobão,PI,2024-10,0.398,79.2,NÃO
2204006,Demerval Lobão,PI,2024-11,0.446,129.5,NÃO
2204006,Demerval Lobão,PI,2024-12,0.466,132.4,NÃO
2204006,Demerval Lobão,PI,2025-01,0.494,96.3,NÃO
2204006,Demerval Lobão,PI,2025-02,0.467,165.0,NÃO
2204006,Demerval Lobão,PI,2025-03,0.497,162.6,NÃO
2204006,Demerval Lobão,PI,2025-04,0.452,186.0,NÃO
2205003,Floriano,PI,2024-05,0.442,133.3,NÃO
2205003,Floriano,PI,2024-06,0.387,196.5,NÃO
2205003,Floriano,PI,2024-07,0.342,14.9,NÃO
2205003,Floriano,PI,2024-08,0.335,1.7,NÃO
2205003,Floriano,PI,2024-09,0.356,5.0,NÃO
2205003,Floriano,PI,2024-10,0.381,168.3,NÃO
2205003,Floriano,PI,2024-11,0.47,154.4,NÃO
2205003,Floriano,PI,2024-12,0.423,163.7,NÃO
2205003,Floriano,PI,2025-01,0.416,180.2,NÃO
2205003,Floriano,PI,2025-02,0.417,66.4,NÃO
2205003,Floriano,PI,2025-03,0.438,188.8,NÃO
2205003,Floriano,PI,2025-04,0.427,194.4,NÃO
2207603,Oeiras,PI,2024-05,0.409,160.0,NÃO
2207603,Oeiras,PI,2024-06,0.361,91.4,NÃO
2207603,Oeiras,PI,2024-07,0.278,27.5,NÃO
2207603,Oeiras,PI,2024-08,0.282,24.8,NÃO
2207603,Oeiras,PI,2024-09,0.298,3.6,NÃO
2207603,Oeiras,PI,2024-10,0.362,67.4,NÃO
2207603,Oeiras,PI,2024-11,0.374,132.2,NÃO
2207603,Oeiras,PI,2024-12,0.364,116.1,NÃO
2207603,Oeiras,PI,2025-01,0.414,181.2,NÃO
2207603,Oeiras,PI,2025-02,0.407,103.5,NÃO
2207603,Oeiras,PI,2025-03,0.366,123.9,NÃO
2207603,Oeiras,PI,2025-04,0.383,100.8,NÃO
2208650,São João do Piauí,PI,2024-05,0.512,94.0,NÃO
2208650,São João do Piauí,PI,2024-06,0.44,196.1,NÃO
2208650,São João do Piauí,PI,2024-07,0.403,23.3,NÃO
2208650,São João do Piauí,PI,2024-08,0.387,16.4,NÃO
2208650,São João do Piauí,PI,2024-09,0.391,4.5,NÃO
2208650,São João do Piauí,PI,2024-10,0.474,63.3,NÃO
2208650,São João do Piauí,PI,2024-11,0.5,149.0,NÃO
2208650,São João do Piauí,PI,2024-12,0.51,61.3,NÃO
2208650,São João do Piauí,PI,2025-01,0.488,166.3,NÃO
2208650,São João do Piauí,PI,2025-02,0.491,163.3,NÃO
2208650,São João do Piauí,PI,2025-03,0.486,88.7,NÃO
2208650,São João do Piauí,PI,2025-04,0.527,118.8,NÃO
2910727,Barreiras,BA,2024-05,0.53,79.9,NÃO
2910727,Barreiras,BA,2024-06,0.439,66.1,NÃO
2910727,Barreiras,BA,2024-07,0.36,25.4,NÃO
2910727,Barreiras,BA,2024-08,0.371,26.9,NÃO
2910727,Barreiras,BA,2024-09,0.374,22.4,NÃO
2910727,Barreiras,BA,2024-10,0.457,130.8,NÃO
2910727,Barreiras,BA,2024-11,0.51,115.2,NÃO
2910727,Barreiras,BA,2024-12,0.508,68.7,NÃO
2910727,Barreiras,BA,2025-01,0.512,78.3,NÃO
2910727,Barreiras,BA,2025-02,0.49,179.1,NÃO
2910727,Barreiras,BA,2025-03,0.528,115.0,NÃO
2910727,Barreiras,BA,2025-04,0.522,105.7,NÃO
2933307,Luís Eduardo Magalhães,BA,2024-05,0.402,192.1,NÃO
2933307,Luís Eduardo Magalhães,BA,2024-06,0.354,167.8,NÃO
2933307,Luís Eduardo Magalhães,BA,2024-07,0.29,3.2,NÃO
2933307,Luís Eduardo Magalhães,BA,2024-08,0.31,9.4,NÃO
2933307,Luís Eduardo Magalhães,BA,2024-09,0.291,10.7,NÃO
2933307,Luís Eduardo Magalhães,BA,2024-10,0.392,123.3,NÃO
2933307,Luís Eduardo Magalhães,BA,2024-11,0.416,179.3,NÃO
2933307,Luís Eduardo Magalhães,BA,2024-12,0.393,173.1,NÃO
2933307,Luís Eduardo Magalhães,BA,2025-01,0.406,158.7,NÃO
2933307,Luís Eduardo Magalhães,BA,2025-02,0.424,90.1,NÃO
2933307,Luís Eduardo Magalhães,BA,2025-03,0.439,80.8,NÃO
2933307,Luís Eduardo Magalhães,BA,2025-04,0.431,195.6,NÃO
2900702,Angical,BA,2024-05,0.385,101.8,NÃO
2900702,Angical,BA,2024-06,0.39,84.3,NÃO
2900702,Angical,BA,2024-07,0.336,25.6,NÃO
2900702,Angical,BA,2024-08,0.312,16.5,NÃO
2900702,Angical,BA,2024-09,0.285,3.1,NÃO
2900702,Angical,BA,2024-10,0.388,77.0,NÃO
2900702,Angical,BA,2024-11,0.386,169.3,NÃO
2900702,Angical,BA,2024-12,0.395,87.7,NÃO
2900702,Angical,BA,2025-01,0.406,156.1,NÃO
2900702,Angical,BA,2025-02,0.438,71.8,NÃO
2900702,Angical,BA,2025-03,0.417,188.4,NÃO
2900702,Angical,BA,2025-04,0.386,199.6,NÃO
2902708,Baianópolis,BA,2024-05,0.388,173.3,NÃO
2902708,Baianópolis,BA,2024-06,0.317,178.6,NÃO
2902708,Baianópolis,BA,2024-07,0.303,3.7,NÃO
2902708,Baianópolis,BA,2024-08,0.311,1.5,NÃO
2902708,Baianópolis,BA,2024-09,0.31,13.0,NÃO
2902708,Baianópolis,BA,2024-10,0.355,129.5,NÃO
2902708,Baianópolis,BA,2024-11,0.372,119.7,NÃO
2902708,Baianópolis,BA,2024-12,0.37,187.2,NÃO
2902708,Baianópolis,BA,2025-01,0.365,122.4,NÃO
2902708,Baianópolis,BA,2025-02,0.358,146.0,NÃO
2902708,Baianópolis,BA,2025-03,0.386,150.6,NÃO
2902708,Baianópolis,BA,2025-04,0.379,183.6,NÃO
2903276,Barra,BA,2024-05,0.401,113.6,NÃO
2903276,Barra,BA,2024-06,0.379,150.0,NÃO
2903276,Barra,BA,2024-07,0.337,7.5,NÃO
2903276,Barra,BA,2024-08,0.349,16.3,NÃO
2903276,Barra,BA,2024-09,0.291,11.5,NÃO
2903276,Barra,BA,2024-10,0.396,127.2,NÃO
2903276,Barra,BA,2024-11,0.443,108.2,NÃO
2903276,Barra,BA,2024-12,0.43,105.0,NÃO
2903276,Barra,BA,2025-01,0.412,63.6,NÃO
2903276,Barra,BA,2025-02,0.432,64.1,NÃO
2903276,Barra,BA,2025-03,0.445,99.3,NÃO
2903276,Barra,BA,2025-04,0.445,126.0,NÃO
2903300,Barra do Mendes,BA,2024-05,0.399,92.6,NÃO
2903300,Barra do Mendes,BA,2024-06,0.334,94.7,NÃO
2903300,Barra do Mendes,BA,2024-07,0.28,16.0,NÃO
2903300,Barra do Mendes,BA,2024-08,0.313,22.1,NÃO
2903300,Barra do Mendes,BA,2024-09,0.311,28.4,NÃO
2903300,Barra do Mendes,BA,2024-10,0.359,197.6,NÃO
2903300,Barra do Mendes,BA,2024-11,0.387,190.9,NÃO
2903300,Barra do Mendes,BA,2024-12,0.423,84.3,NÃO
2903300,Barra do Mendes,BA,2025-01,0.378,104.5,NÃO
2903300,Barra do Mendes,BA,2025-02,0.408,110.2,NÃO
2903300,Barra do Mendes,BA,2025-03,0.399,158.5,NÃO
2903300,Barra do Mendes,BA,2025-04,0.385,139.5,NÃO
2904605,Bom Jesus da Lapa,BA,2024-05,0.379,177.1,NÃO
2904605,Bom Jesus da Lapa,BA,2024-06,0.335,195.9,NÃO
2904605,Bom Jesus da Lapa,BA,2024-07,0.267,5.3,NÃO
2904605,Bom Jesus da Lapa,BA,2024-08,0.236,1.7,SIM
2904605,Bom Jesus da Lapa,BA,2024-09,0.27,0.6,NÃO
2904605,Bom Jesus da Lapa,BA,2024-10,0.315,106.4,NÃO
2904605,Bom Jesus da Lapa,BA,2024-11,0.359,172.9,NÃO
2904605,Bom Jesus da Lapa,BA,2024-12,0.342,84.8,NÃO
2904605,Bom Jesus da Lapa,BA,2025-01,0.37,181.6,NÃO
2904605,Bom Jesus da Lapa,BA,2025-02,0.326,80.7,NÃO
2904605,Bom Jesus da Lapa,BA,2025-03,0.364,79.8,NÃO
2904605,Bom Jesus da Lapa,BA,2025-04,0.329,133.7,NÃO
2906501,Caetité,BA,2024-05,0.349,158.6,NÃO
2906501,Caetité,BA,2024-06,0.347,142.0,NÃO
2906501,Caetité,BA,2024-07,0.271,9.7,NÃO
2906501,Caetité,BA,2024-08,0.31,22.0,NÃO
2906501,Caetité,BA,2024-09,0.277,19.2,NÃO
2906501,Caetité,BA,2024-10,0.337,104.4,NÃO
2906501,Caetité,BA,2024-11,0.387,138.7,NÃO
2906501,Caetité,BA,2024-12,0.398,145.9,NÃO
2906501,Caetité,BA,2025-01,0.366,153.2,NÃO
2906501,Caetité,BA,2025-02,0.394,113.0,NÃO
2906501,Caetité,BA,2025-03,0.389,101.2,NÃO
2906501,Caetité,BA,2025-04,0.356,60.3,NÃO
2912202,Correntina,BA,2024-05,0.451,179.1,NÃO
2912202,Correntina,BA,2024-06,0.419,139.4,NÃO
2912202,Correntina,BA,2024-07,0.316,9.5,NÃO
2912202,Correntina,BA,2024-08,0.354,18.3,NÃO
2912202,Correntina,BA,2024-09,0.344,3.1,NÃO
2912202,Correntina,BA,2024-10,0.402,106.4,NÃO
2912202,Correntina,BA,2024-11,0.422,108.6,NÃO
2912202,Correntina,BA,2024-12,0.436,149.1,NÃO
2912202,Correntina,BA,2025-01,0.475,175.0,NÃO
2912202,Correntina,BA,2025-02,0.457,162.1,NÃO
2912202,Correntina,BA,2025-03,0.437,61.6,NÃO
2912202,Correntina,BA,2025-04,0.43,157.0,NÃO
2915601,Ibotirama,BA,2024-05,0.412,160.9,NÃO
2915601,Ibotirama,BA,2024-06,0.328,121.4,NÃO
2915601,Ibotirama,BA,2024-07,0.291,5.0,NÃO
2915601,Ibotirama,BA,2024-08,0.291,26.5,NÃO
2915601,Ibotirama,BA,2024-09,0.287,11.3,NÃO
2915601,Ibotirama,BA,2024-10,0.375,170.4,NÃO
2915601,Ibotirama,BA,2024-11,0.4,166.2,NÃO
2915601,Ibotirama,BA,2024-12,0.379,123.2,NÃO
2915601,Ibotirama,BA,2025-01,0.413,64.7,NÃO
2915601,Ibotirama,BA,2025-02,0.366,96.6,NÃO
2915601,Ibotirama,BA,2025-03,0.371,107.9,NÃO
2915601,Ibotirama,BA,2025-04,0.418,82.5,NÃO
2918209,Iuiú,BA,2024-05,0.36,196.9,NÃO
2918209,Iuiú,BA,2024-06,0.29,197.9,NÃO
2918209,Iuiú,BA,2024-07,0.273,21.1,NÃO
2918209,Iuiú,BA,2024-08,0.246,19.6,SIM
2918209,Iuiú,BA,2024-09,0.256,13.0,NÃO
2918209,Iuiú,BA,2024-10,0.273,106.4,NÃO
2918209,Iuiú,BA,2024-11,0.361,117.3,NÃO
2918209,Iuiú,BA,2024-12,0.336,189.6,NÃO
2918209,Iuiú,BA,2025-01,0.335,152.5,NÃO
2918209,Iuiú,BA,2025-02,0.321,73.4,NÃO
2918209,Iuiú,BA,2025-03,0.327,137.0,NÃO
2918209,Iuiú,BA,2025-04,0.332,67.6,NÃO
2919207,Juazeiro,BA,2024-05,0.329,175.3,NÃO
2919207,Juazeiro,BA,2024-06,0.326,127.2,NÃO
2919207,Juazeiro,BA,2024-07,0.241,6.2,SIM
2919207,Juazeiro,BA,2024-08,0.274,29.3,NÃO
2919207,Juazeiro,BA,2024-09,0.264,3.5,NÃO
2919207,Juazeiro,BA,2024-10,0.336,125.9,NÃO
2919207,Juazeiro,BA,2024-11,0.378,97.1,NÃO
2919207,Juazeiro,BA,2024-12,0.363,114.3,NÃO
2919207,Juazeiro,BA,2025-01,0.346,113.4,NÃO
2919207,Juazeiro,BA,2025-02,0.335,66.2,NÃO
2919207,Juazeiro,BA,2025-03,0.35,96.9,NÃO
2919207,Juazeiro,BA,2025-04,0.374,139.0,NÃO
2921709,Mansidão,BA,2024-05,0.394,73.5,NÃO
2921709,Mansidão,BA,2024-06,0.354,173.1,NÃO
2921709,Mansidão,BA,2024-07,0.281,22.7,NÃO
2921709,Mansidão,BA,2024-08,0.27,1.8,NÃO
2921709,Mansidão,BA,2024-09,0.28,15.7,NÃO
2921709,Mansidão,BA,2024-10,0.372,156.2,NÃO
2921709,Mansidão,BA,2024-11,0.408,140.2,NÃO
2921709,Mansidão,BA,2024-12,0.366,101.8,NÃO
2921709,Mansidão,BA,2025-01,0.376,179.6,NÃO
2921709,Mansidão,BA,2025-02,0.354,140.0,NÃO
2921709,Mansidão,BA,2025-03,0.383,140.0,NÃO
2921709,Mansidão,BA,2025-04,0.411,80.6,NÃO
2927408,Santa Maria da Vitória,BA,2024-05,0.481,192.9,NÃO
2927408,Santa Maria da Vitória,BA,2024-06,0.416,89.7,NÃO
2927408,Santa Maria da Vitória,BA,2024-07,0.345,1.3,NÃO
2927408,Santa Maria da Vitória,BA,2024-08,0.338,20.5,NÃO
2927408,Santa Maria da Vitória,BA,2024-09,0.345,24.7,NÃO
2927408,Santa Maria da Vitória,BA,2024-10,0.414,143.3,NÃO
2927408,Santa Maria da Vitória,BA,2024-11,0.473,161.8,NÃO
2927408,Santa Maria da Vitória,BA,2024-12,0.502,72.2,NÃO
2927408,Santa Maria da Vitória,BA,2025-01,0.487,137.3,NÃO
2927408,Santa Maria da Vitória,BA,2025-02,0.505,132.8,NÃO
2927408,Santa Maria da Vitória,BA,2025-03,0.509,61.7,NÃO
2927408,Santa Maria da Vitória,BA,2025-04,0.496,142.3,NÃO
